epoch,sec,loss_G,bce,D1,D2,adv1,adv2,mean,var,kurt,spec,cyclo,pwr,pnorm,div,ks,ber_link,ber5,ks_p,entropy,circ,papr,scf,c42,wvd,Sc,n_pass,gate
1,14,0.798875,0.039944,0.693763,0.693243,0.000573,0.00018,0.0,0.0,0.00046,0.673519,0.001981,0.980296,0.0,0.247304,0.006592,0.5000305,0.0002594,0.4386,0.9585,0.0036,0.005,1.015,-0.0012,1.001,0.1425,8,FAIL
2,27,0.672562,0.033628,0.692821,0.692058,8e-05,0.000222,0.0,0.0,0.000491,0.626093,0.001975,0.980296,0.0,0.248185,0.005638,0.5000305,6.1e-05,0.5548,0.9587,0.002,0.027,1.015,0.0006,0.999,0.1291,8,FAIL
3,40,0.592577,0.029629,0.690598,0.691338,0.000168,0.000269,0.0,0.0,0.000402,0.688,0.001984,0.980296,0.0,0.248076,0.00582,0.5000305,6.87e-05,0.3169,0.9585,0.0038,0.044,1.015,-0.0071,1.001,0.1765,8,FAIL
4,53,0.507631,0.025382,0.688397,0.68968,0.000304,0.000398,0.0,0.0,0.000547,0.672553,0.001978,0.980296,0.0,0.246616,0.005398,0.5000305,4.58e-05,0.9922,0.9587,0.0017,0.026,1.013,-0.0025,1.001,0.1265,8,FAIL
5,66,0.444474,0.022224,0.683677,0.687841,0.000804,0.000525,0.0,0.0,0.000445,0.646992,0.001979,0.980296,0.0,0.247052,0.005931,0.5000305,5.34e-05,0.9518,0.9586,0.0074,-0.036,1.013,-0.003,0.996,0.1302,8,FAIL
6,80,1.011819,0.022067,0.679292,0.686514,0.002288,0.000809,0.0,0.0,0.000382,0.656007,0.001986,0.980296,0.0,0.247194,0.005642,0.5000305,3.05e-05,0.9735,0.9586,0.0072,-0.021,1.015,-0.0037,1.004,0.1304,8,FAIL
7,94,1.509413,0.019468,0.669472,0.68,0.005422,0.001435,0.0,0.0,0.00045,0.619622,0.002,0.980296,0.0,0.247342,0.00569,0.5000916,0.0001068,0.8895,0.9583,0.0122,0.019,1.01,-0.0025,1.001,0.1327,8,FAIL
8,107,1.990129,0.018561,0.658653,0.677031,0.00998,0.002513,0.0,0.0,0.000526,0.550994,0.002032,0.980296,0.0,0.246809,0.005452,0.5000916,6.1e-05,0.8485,0.9576,0.0195,-0.007,1.016,-0.0063,1.003,0.139,8,FAIL
9,120,2.469919,0.017405,0.633685,0.674381,0.014859,0.003921,0.0,0.0,0.000475,0.516031,0.002061,0.980296,0.0,0.247684,0.006082,0.5000916,9.92e-05,0.3685,0.9569,0.0258,-0.024,1.014,-0.0121,1.006,0.1838,8,FAIL
10,134,2.94041,0.018803,0.603082,0.672804,0.022181,0.005608,0.0,0.0,0.000535,0.454346,0.00212,0.980296,0.0,0.247151,0.006364,0.5000916,5.34e-05,0.9832,0.9568,0.0318,0.028,1.014,-0.0033,1.009,0.146,8,FAIL
11,147,3.336619,0.01616,0.577557,0.668418,0.027046,0.006284,0.0,0.0,0.000452,0.416661,0.002113,0.980296,0.0,0.247881,0.006323,0.5000916,5.34e-05,0.9478,0.9566,0.0326,-0.011,1.012,0.0007,1.009,0.1447,8,FAIL
12,160,3.78224,0.015219,0.573896,0.662922,0.039491,0.006934,0.0,0.0,0.000417,0.395473,0.002123,0.980296,0.0,0.247853,0.005945,0.5000916,6.1e-05,0.686,0.9568,0.0235,-0.032,1.011,-0.0092,1.006,0.1465,8,FAIL
13,173,4.204345,0.015527,0.538807,0.658446,0.047327,0.009636,0.0,0.0,0.000608,0.360462,0.002133,0.980296,0.0,0.246926,0.005537,0.5000916,3.81e-05,0.8791,0.9568,0.0318,-0.053,1.014,-0.0045,1.005,0.1481,8,FAIL
14,187,4.634776,0.015008,0.552212,0.655464,0.05267,0.011403,0.0,0.0,0.000854,0.337773,0.002144,0.980296,0.0,0.248095,0.006325,0.5000916,4.58e-05,0.7711,0.9562,0.026,-0.037,1.013,-0.0063,1.01,0.1472,8,FAIL
15,200,4.981947,0.015658,0.565633,0.642423,0.050981,0.012146,0.0,0.0,0.000339,0.292227,0.002145,0.980296,0.0,0.247077,0.005777,0.5000916,6.1e-05,0.7623,0.957,0.0161,0.016,1.01,-0.005,1.005,0.1411,8,FAIL
16,214,4.867491,0.01382,0.567068,0.644903,0.043427,0.015931,0.0,0.0,0.000537,0.269507,0.002136,0.980296,0.0,0.247232,0.005137,0.5000916,5.34e-05,0.7219,0.9574,0.004,-0.036,1.014,-0.0045,1.006,0.1332,8,FAIL
17,227,4.903844,0.014263,0.609291,0.637233,0.043153,0.016061,0.0,0.0,0.000347,0.277073,0.002112,0.980296,0.0,0.247746,0.005675,0.5000916,9.16e-05,0.3203,0.957,0.0066,-0.015,1.012,-0.0048,1.004,0.1811,8,FAIL
18,239,4.595825,0.012756,0.607669,0.630737,0.040364,0.019465,0.0,0.0,0.000634,0.185023,0.002138,0.980296,0.0,0.247578,0.005505,0.5000916,6.1e-05,0.8623,0.9569,0.0064,-0.002,1.014,-0.0008,1.004,0.1321,8,FAIL
19,253,4.522436,0.012464,0.578104,0.621361,0.04126,0.022526,0.0,0.0,0.000494,0.161088,0.002165,0.980296,0.0,0.247114,0.005968,0.5000916,8.39e-05,0.9915,0.9568,0.0131,-0.022,1.015,-0.004,1.008,0.1384,8,FAIL
20,266,4.502359,0.012565,0.614029,0.608705,0.042714,0.025073,0.0,0.0,0.000434,0.152364,0.002168,0.980296,0.0,0.247184,0.006139,0.5000916,0.0001144,0.688,0.9565,0.0232,0.051,1.015,-0.0052,1.006,0.1447,8,FAIL
21,279,4.414312,0.012816,0.611891,0.607887,0.03986,0.027601,0.0,0.0,0.000479,0.123169,0.002155,0.980296,0.0,0.247305,0.005588,0.5000916,9.16e-05,0.8879,0.9568,0.0175,-0.024,1.015,-0.0053,1.006,0.1401,8,FAIL
22,292,4.473024,0.012912,0.610052,0.603141,0.037427,0.031595,0.0,0.0,0.000461,0.141918,0.00215,0.980296,0.0,0.247637,0.005599,0.5000916,6.1e-05,0.9395,0.9562,0.0157,0.018,1.015,-0.003,1.004,0.1395,8,FAIL
23,306,4.378992,0.011914,0.588386,0.588685,0.038779,0.035522,0.0,0.0,0.00046,0.115987,0.002204,0.980296,0.0,0.247569,0.005657,0.5000916,8.39e-05,0.4911,0.9564,0.0088,0.015,1.014,0.001,1.005,0.1374,8,FAIL
24,321,4.295799,0.012083,0.603042,0.598236,0.039269,0.037558,0.0,0.0,0.000434,0.088292,0.002169,0.980296,0.0,0.24636,0.005511,0.5000916,0.0001221,0.9785,0.9563,0.016,-0.005,1.013,-0.0024,1.004,0.1382,8,FAIL
25,335,4.334861,0.012335,0.605873,0.693248,0.038909,0.000253,0.0,0.0,0.000479,0.104629,0.002183,0.980296,0.0,0.246941,0.005769,0.5000916,7.63e-05,0.6126,0.9564,0.013,0.029,1.011,-0.0064,1.003,0.1411,8,FAIL
26,349,4.29658,0.012344,0.579321,0.694008,0.041052,0.000195,0.0,0.0,0.000442,0.090175,0.002237,0.980296,0.0,0.247187,0.006026,0.5000916,0.0001297,0.9897,0.9563,0.0247,0.009,1.015,-0.0067,1.004,0.146,8,FAIL
27,363,4.306924,0.011892,0.57647,0.693467,0.044498,0.000143,0.0,0.0,0.000285,0.094646,0.002204,0.980296,0.0,0.247695,0.006244,0.5000916,0.0001297,0.7382,0.9563,0.0172,-0.001,1.014,-0.0053,1.005,0.1409,8,FAIL
28,377,4.259456,0.01153,0.602342,0.692796,0.041639,0.000174,0.0,0.0,0.000353,0.082999,0.002249,0.980296,0.0,0.247648,0.005909,0.5000916,0.0001831,0.7238,0.956,0.0244,-0.023,1.014,-0.0054,1.0,0.1434,8,FAIL
1,12,0.825917,0.041296,0.693115,0.692999,0.000646,0.000183,0.0,0.0,0.000518,0.667381,0.001979,0.980296,0.0,0.247439,0.006754,0.0,0.0005493,0.3212,0.9585,0.0076,-0.031,1.014,-0.0071,1.002,0.1778,8,PASS
2,23,0.733351,0.036668,0.693351,0.692215,7.6e-05,0.00018,0.0,0.0,0.000527,0.667111,0.001977,0.980296,0.0,0.247578,0.006026,0.0,0.0003128,0.0578,0.9588,0.0053,0.025,1.014,0.0023,1.001,0.2414,8,PASS
3,34,0.630063,0.031503,0.691462,0.690447,7.3e-05,0.000233,0.0,0.0,0.000322,0.656266,0.00198,0.980296,0.0,0.247026,0.005898,0.0,0.0002213,0.3886,0.9587,0.0074,0.042,1.016,-0.0017,1.003,0.1571,8,PASS
4,45,0.607213,0.030361,0.690823,0.689986,0.000168,0.000307,0.0,0.0,0.000361,0.673631,0.001977,0.980296,0.0,0.24812,0.005654,0.0,0.0001373,0.8151,0.9586,0.0071,0.031,1.014,0.0029,1.002,0.1312,8,PASS
5,56,0.518655,0.025933,0.687543,0.689476,0.000479,0.000464,0.0,0.0,0.000811,0.624178,0.001975,0.980296,0.0,0.247262,0.005825,0.0,7.63e-05,0.9326,0.9586,0.0058,-0.016,1.013,-0.002,0.995,0.1286,8,PASS
6,68,1.037101,0.024375,0.683539,0.688838,0.00092,0.000524,0.0,0.0,0.000414,0.586785,0.001982,0.980296,0.0,0.247015,0.00573,0.0,0.0001144,0.654,0.9585,0.0079,-0.002,1.016,-0.0012,1.004,0.1298,8,PASS
7,80,1.582118,0.022792,0.680282,0.685595,0.002162,0.000798,0.0,0.0,0.000581,0.63111,0.001986,0.980296,0.0,0.247804,0.005491,0.0,9.92e-05,0.0882,0.9582,0.0085,-0.006,1.013,0.0017,1.003,0.2343,8,PASS
8,92,2.181605,0.024106,0.67311,0.683859,0.004633,0.001168,0.0,0.0,0.000441,0.642318,0.001995,0.980296,0.0,0.24718,0.005452,0.0,0.0001373,0.671,0.9584,0.0056,0.031,1.017,-0.0016,1.005,0.1294,8,PASS
9,103,2.637589,0.021827,0.657863,0.680824,0.006925,0.001887,0.0,0.0,0.000482,0.585918,0.002006,0.980296,0.0,0.247626,0.005786,0.0,6.1e-05,0.4973,0.9579,0.0034,0.023,1.014,-0.0054,1.005,0.1345,8,PASS
10,115,3.141844,0.0191,0.645351,0.677732,0.012359,0.002683,0.0,0.0,0.000438,0.589426,0.002014,0.980296,0.0,0.248438,0.005589,0.0,3.05e-05,0.2199,0.9579,0.0041,-0.037,1.015,-0.0098,1.011,0.2091,8,PASS
11,127,3.571935,0.018089,0.633097,0.671422,0.016458,0.003856,0.0,0.0,0.000327,0.531668,0.00201,0.980296,0.0,0.24752,0.005884,0.0,0.0001068,0.5525,0.9578,0.0015,-0.013,1.015,-0.0054,1.012,0.1321,8,PASS
12,138,4.31985,0.019912,0.593077,0.669857,0.02146,0.005408,0.0,0.0,0.000816,0.614634,0.002028,0.980296,0.0,0.246698,0.005615,0.0,8.39e-05,0.7625,0.9576,0.0049,-0.042,1.012,-0.0062,1.011,0.1372,8,PASS
13,150,4.630021,0.018441,0.582613,0.668225,0.033432,0.005734,0.0,0.0,0.000435,0.517866,0.002045,0.980296,0.0,0.247537,0.005783,0.0,0.0001221,0.963,0.9572,0.0175,-0.037,1.015,-0.0031,1.014,0.139,8,PASS
14,161,5.168016,0.018686,0.543901,0.660992,0.038681,0.007438,0.0,0.0,0.000396,0.516422,0.002064,0.980296,0.0,0.248287,0.005355,0.0,9.16e-05,0.9528,0.9569,0.0103,-0.051,1.013,-0.0025,1.018,0.1367,8,PASS
15,173,5.771424,0.017878,0.469224,0.663232,0.061715,0.008996,0.0,0.0,0.000622,0.53679,0.002087,0.980296,0.0,0.247913,0.005619,0.0,7.63e-05,0.6503,0.9565,0.0049,-0.008,1.012,-0.0062,1.017,0.139,8,PASS
16,184,5.535291,0.016545,0.464891,0.658299,0.07474,0.00928,0.0,0.0,0.000698,0.463039,0.002069,0.980296,0.0,0.247217,0.005673,0.0,0.0001373,0.9159,0.9567,0.0103,-0.084,1.014,-0.0056,1.017,0.1419,8,PASS
17,195,5.583061,0.016004,0.41944,0.653032,0.084952,0.010586,0.0,0.0,0.00059,0.479472,0.002081,0.980296,0.0,0.247578,0.005392,0.0,6.1e-05,0.8081,0.9562,0.0065,-0.018,1.012,-0.0027,1.021,0.1373,8,PASS
18,206,5.635151,0.014228,0.414142,0.648011,0.093132,0.012115,0.0,0.0,0.000449,0.503574,0.002082,0.980296,0.0,0.24867,0.005848,0.0,6.87e-05,0.7899,0.9564,0.0033,0.023,1.014,-0.0022,1.021,0.1352,8,PASS
19,217,5.401075,0.014072,0.399741,0.645528,0.09666,0.013455,0.0,0.0,0.000797,0.427172,0.002079,0.980296,0.0,0.2471,0.005521,0.0,8.39e-05,0.5312,0.9567,0.0047,-0.01,1.014,-0.0098,1.019,0.1408,8,PASS
20,228,5.456216,0.016376,0.39826,0.627143,0.105534,0.017094,0.0,0.0,0.000463,0.427884,0.002071,0.980296,0.0,0.246933,0.00528,0.0,9.16e-05,0.3658,0.9566,0.0275,0.054,1.017,-0.0065,1.02,0.1825,8,PASS
21,239,5.452476,0.014587,0.391595,0.625541,0.101716,0.019494,0.0,0.0,0.000727,0.43612,0.002077,0.980296,0.0,0.248235,0.005902,0.0,8.39e-05,0.2139,0.9568,0.0339,-0.04,1.014,-0.0125,1.019,0.2277,8,PASS
22,250,5.342603,0.01473,0.420068,0.622555,0.101731,0.021896,0.0,0.0,0.000855,0.399022,0.002065,0.980296,0.0,0.247259,0.005876,0.0,9.16e-05,0.5609,0.9567,0.0293,-0.02,1.015,-0.0093,1.027,0.1522,8,PASS
23,262,5.171817,0.01379,0.366184,0.623511,0.108405,0.024135,0.0,0.0,0.000933,0.345001,0.002077,0.980296,0.0,0.248212,0.005761,0.0,0.0001221,0.7315,0.9561,0.0279,-0.052,1.015,-0.0088,1.037,0.1543,8,PASS
24,273,5.214638,0.014117,0.422366,0.606235,0.113232,0.024555,0.0,0.0,0.000988,0.354358,0.002065,0.980296,0.0,0.248824,0.005905,0.0,7.63e-05,0.4784,0.9563,0.0359,-0.053,1.012,-0.007,1.033,0.1618,8,PASS
25,284,5.350786,0.014225,0.419517,0.69371,0.106642,0.000313,0.0,0.0,0.000754,0.407716,0.002061,0.980296,0.0,0.246509,0.00597,0.0,9.16e-05,0.2151,0.9565,0.0325,0.037,1.011,-0.0088,1.035,0.2258,8,PASS
26,295,5.159214,0.013383,0.377926,0.693657,0.109038,0.000129,0.0,0.0,0.000827,0.347902,0.002065,0.980296,0.0,0.247013,0.006044,0.0,9.92e-05,0.5378,0.9561,0.055,0.024,1.014,-0.0066,1.047,0.1671,8,PASS
27,306,5.223166,0.012132,0.320916,0.691304,0.124486,0.000166,0.0,0.0,0.000776,0.372005,0.002098,0.980296,0.0,0.247395,0.006065,0.0,8.39e-05,0.2169,0.9553,0.0614,-0.005,1.013,-0.0084,1.058,0.2384,8,PASS
28,317,5.242894,0.013755,0.314306,0.692321,0.135137,0.000199,0.0,0.0,0.000552,0.366997,0.002112,0.980296,0.0,0.247981,0.004905,0.0,7.63e-05,0.4461,0.9549,0.0632,-0.033,1.013,-0.0052,1.069,0.1837,8,PASS
29,328,5.146567,0.01191,0.277908,0.691167,0.134928,0.000198,0.0,0.0,0.000466,0.344707,0.002108,0.980296,0.0,0.247704,0.006011,0.0,0.0001144,0.2972,0.9553,0.0665,0.023,1.015,-0.0064,1.071,0.2234,8,PASS
30,340,5.062082,0.013767,0.266744,0.690163,0.150967,0.000231,0.0,0.0,0.000544,0.298913,0.002116,0.980296,0.0,0.247849,0.005877,0.0,0.0001221,0.8695,0.9549,0.0607,-0.037,1.01,-0.0092,1.077,0.1726,8,PASS
31,351,5.013909,0.013296,0.264679,0.689273,0.147945,0.000308,0.0,0.0,0.000717,0.287749,0.002145,0.980296,0.0,0.246965,0.005828,0.0,9.92e-05,0.4145,0.9546,0.0542,-0.0,1.015,-0.0004,1.083,0.1854,8,PASS
32,362,5.010981,0.01285,0.221802,0.687332,0.164369,0.00045,0.0,0.0,0.000342,0.284766,0.002155,0.980296,0.0,0.246847,0.005862,0.0,9.92e-05,0.1623,0.9535,0.0693,-0.037,1.016,-0.0111,1.103,0.269,8,PASS
33,372,4.906064,0.011908,0.1545,0.686839,0.182288,0.00073,0.0,0.0,0.000859,0.249039,0.002171,0.980296,0.0,0.247824,0.005612,0.0,8.39e-05,0.3056,0.9533,0.0994,0.106,1.014,-0.0039,1.102,0.2406,8,PASS
34,384,4.88121,0.012624,0.18149,0.682864,0.18034,0.000927,0.0,0.0,0.000609,0.238056,0.002152,0.980296,0.0,0.246507,0.005693,0.0,6.87e-05,0.4117,0.953,0.0884,0.031,1.009,-0.0054,1.121,0.2109,8,PASS
35,396,4.92766,0.011899,0.156047,0.677985,0.185029,0.001508,0.0,0.0,0.000835,0.255187,0.002167,0.980296,0.0,0.247135,0.00591,0.0,0.0001221,0.4128,0.9522,0.095,0.056,1.012,-0.0107,1.131,0.22,8,PASS
36,407,4.726165,0.012597,0.147009,0.674132,0.193294,0.002119,0.0,0.0,0.000669,0.179851,0.002179,0.980296,0.0,0.248373,0.005774,0.0,0.0001526,0.1119,0.9509,0.0968,-0.009,1.015,-0.0084,1.155,0.2999,8,PASS
37,419,4.74304,0.012681,0.073503,0.666591,0.212359,0.003524,0.0,0.0,0.000695,0.179722,0.002239,0.980296,0.0,0.247521,0.005538,0.0,0.0001373,0.4879,0.9501,0.0678,0.0,1.014,-0.0054,1.171,0.1933,8,PASS
38,430,4.759457,0.012892,0.057575,0.658183,0.22185,0.005017,0.0,0.0,0.001102,0.177775,0.002294,0.980296,0.0,0.247685,0.006232,0.0,0.0001297,0.2819,0.9496,0.0588,-0.032,1.015,-0.0109,1.177,0.2461,7,PASS
39,442,4.627873,0.011768,0.064344,0.653087,0.218769,0.007251,0.0,0.0,0.000254,0.145342,0.002278,0.980296,0.0,0.247275,0.005584,0.0,8.39e-05,0.0428,0.9515,0.0306,0.055,1.012,-0.0082,1.146,0.2875,7,FAIL
40,453,4.575186,0.012154,0.121558,0.641623,0.212382,0.010407,0.0,0.0,0.000938,0.124957,0.002236,0.980296,0.0,0.247079,0.006023,0.0,0.0001068,0.0721,0.9513,0.0155,-0.068,1.015,-0.0144,1.151,0.2806,8,PASS
41,464,4.569152,0.010221,0.087861,0.631417,0.217322,0.013925,0.0,0.0,0.000638,0.134994,0.002257,0.980296,0.0,0.248781,0.005004,0.0,0.0001526,0.6805,0.9515,0.0046,-0.057,1.012,-0.0106,1.139,0.1622,8,PASS
42,476,4.524783,0.010942,0.056166,0.618789,0.225979,0.018724,0.0,0.0,0.000811,0.111781,0.002266,0.980296,0.0,0.246966,0.005571,0.0,0.0001373,0.1028,0.9506,0.0059,-0.05,1.013,-0.0092,1.148,0.2658,8,PASS
43,487,4.534048,0.012563,0.030489,0.602883,0.23257,0.024041,0.0,0.0,0.001136,0.100363,0.002313,0.980296,0.0,0.246823,0.005677,0.0,7.63e-05,0.2085,0.9504,0.0107,-0.003,1.013,-0.0076,1.156,0.2387,8,PASS
44,499,4.568488,0.012315,0.030219,0.603008,0.233656,0.029411,0.0,0.0,0.000711,0.112961,0.00234,0.980296,0.0,0.246992,0.005549,0.0,0.0001221,0.084,0.9492,0.0103,0.003,1.015,-0.0094,1.183,0.2726,7,PASS
45,510,4.479841,0.010571,0.031636,0.60731,0.234829,0.031938,0.0,0.0,0.001045,0.094152,0.00235,0.980296,0.0,0.246197,0.005704,0.0,9.16e-05,0.193,0.9484,0.0325,0.002,1.014,-0.0082,1.194,0.2544,7,PASS
